bx,by,bz,v,n,w
-6.21842,0.95575416,-5.0263424,397.969482421875,7.017922401428223,38.746829986572266
-6.1303368,0.87832266,-5.143908,390.8235168457031,6.511373519897461,36.8452262878418
-6.900076,1.6135066,-3.9312713,392.7669982910156,4.0014142990112305,29.839397430419922
-6.428208,1.8107393,-4.408451,392.7669982910156,4.0014142990112305,29.839397430419922
-6.900076,1.6135066,-3.9312713,370.6109619140625,3.9172024726867676,28.206295013427734
-3.646807,6.16353,3.90204,nan,1.930694341659546,nan
-2.714684,6.638047,3.785925,nan,1.930694341659546,nan
-5.643923,5.8723335,0.759572,529.844970703125,0.8453097939491272,35.07588195800781
-5.5199013,6.048208,0.9086816,529.844970703125,0.8453097939491272,35.07588195800781
-5.643923,5.8723335,0.759572,525.5280151367188,0.9841837286949158,41.421382904052734
-6.769598,4.3612337,-4.6855755,564.9326171875,1.279968023300171,45.5399284362793
-6.666037,4.406586,-4.5270824,564.9326171875,1.279968023300171,45.5399284362793
-6.769598,4.3612337,-4.6855755,563.7195434570312,1.2779853343963623,45.54928970336914
-6.617299,5.629483,-2.8363986,563.7813720703125,1.216706395149231,46.21603775024414
-6.7563314,5.3680234,-3.256504,563.7813720703125,1.216706395149231,46.21603775024414
-6.617299,5.629483,-2.8363986,564.6022338867188,1.2015774250030518,44.29312515258789
-5.9607353,7.435127,0.30713233,570.7531127929688,1.0146968364715576,43.341880798339844
-6.0885053,7.559831,0.14146677,576.9845581054688,1.2059956789016724,49.192813873291016
-5.9826546,7.235027,2.3032408,552.12158203125,1.1009384393692017,51.48029327392578
-2.2011795,7.4271383,5.4276085,559.8222045898438,1.2684940099716187,56.457096099853516
-3.617501,5.2599506,6.852728,563.4049072265625,1.6267790794372559,63.29645538330078
-3.4429069,4.1114025,7.6950994,561.859619140625,1.0597819089889526,49.321250915527344
-3.3989644,4.4892993,7.495605,551.5577392578125,1.4088456630706787,63.09232711791992
-3.3032558,8.156707,4.6215425,557.5042724609375,1.7807680368423462,63.176551818847656
-3.4227912,7.338535,4.844621,546.3975219726562,1.888094186782837,65.82460021972656
-3.3261397,7.325392,4.9604964,546.3975219726562,1.888094186782837,65.82460021972656
-2.623472,7.331495,5.207045,517.3958129882812,1.5748400688171387,57.72211837768555
-3.1942348,7.0771527,5.8609996,557.4129028320312,1.7905499935150146,61.65090560913086
-3.2399287,7.319675,5.7360525,569.4017944335938,2.016056537628174,67.50897979736328
-3.2468262,6.6154904,6.138015,584.4404296875,2.1986045837402344,75.32514190673828
-3.0021832,7.091386,6.040239,573.3090209960938,2.0931549072265625,66.07194519042969
-3.0925026,7.431205,5.556085,560.6967163085938,2.004603624343872,67.67932891845703
-2.9690335,7.7622046,5.169226,560.6967163085938,2.004603624343872,67.67932891845703
-3.0925026,7.431205,5.556085,557.58544921875,2.464034080505371,78.14090728759766
-3.059384,8.111672,3.9862678,564.19775390625,2.4526050090789795,nan
-3.2215216,7.845491,4.2944875,564.19775390625,2.4526050090789795,nan
-3.788564,7.207774,4.6173654,535.776123046875,1.983109951019287,79.36627960205078
-4.2025576,7.162045,5.41129,540.5234375,1.2412225008010864,53.64544677734375
-4.2799296,7.318264,5.2073827,540.5234375,1.2412225008010864,53.64544677734375
-4.2025576,7.162045,5.41129,546.3411865234375,1.3132269382476807,56.9193115234375
-4.0718145,7.423042,5.1300254,503.3523254394531,1.652287244796753,55.23610305786133
-3.851331,7.5762467,5.121434,503.3523254394531,1.652287244796753,55.23610305786133
-4.0718145,7.423042,5.1300254,510.95947265625,1.5051822662353516,64.31388854980469
-3.896598,7.486069,5.2454534,534.1141357421875,1.5742117166519165,nan
-3.0578778,7.117973,5.3474693,573.9271850585938,2.2214162349700928,74.86981201171875
-3.013316,7.206796,5.2278876,573.9271850585938,2.2214162349700928,74.86981201171875
-3.0578778,7.117973,5.3474693,588.8213500976562,1.7795478105545044,nan
-2.0028987,7.389768,5.595374,560.1751098632812,2.0002458095550537,68.47653198242188
-1.978347,6.840827,5.9558864,560.1751098632812,2.0002458095550537,68.47653198242188
-2.0028987,7.389768,5.595374,551.4957275390625,2.0301640033721924,68.0050048828125
-1.3642257,6.786343,6.129875,554.5011596679688,2.0912320613861084,64.90571594238281
-1.32324,6.796257,6.0855675,554.5011596679688,2.0912320613861084,64.90571594238281
-1.3642257,6.786343,6.129875,547.622802734375,1.8457132577896118,61.72587203979492
-1.3495394,6.6524587,6.376168,532.6478271484375,1.4414805173873901,54.32310104370117
-1.0995733,6.838747,6.278849,534.2506713867188,1.2187435626983643,45.9423828125
-1.6164193,7.616318,5.27613,534.2506713867188,1.2187435626983643,45.9423828125
-1.0995733,6.838747,6.278849,523.45703125,1.7307648658752441,60.20564651489258
-1.5700626,8.114134,4.2981253,543.6459350585938,2.2471511363983154,68.41442108154297
-1.6904825,7.4704623,5.3592715,543.6459350585938,2.2471511363983154,68.41442108154297
-1.5700626,8.114134,4.2981253,552.7798461914062,2.3570516109466553,72.70381927490234
-2.0151896,7.545348,5.180542,516.0741577148438,1.355621337890625,56.400672912597656
-2.2190983,7.585889,4.9038076,516.0741577148438,1.355621337890625,56.400672912597656
-2.0151896,7.545348,5.180542,517.8699340820312,1.691351056098938,61.65771484375
-2.3733723,7.54123,4.9261093,508.447265625,1.5148839950561523,60.79499435424805
-2.6895664,7.0301785,5.451755,534.4150390625,2.6105480194091797,69.9047622680664
-2.702801,6.940907,5.430588,534.4150390625,2.6105480194091797,69.9047622680664
-2.6895664,7.0301785,5.451755,530.7769165039062,2.582660436630249,66.624267578125
-1.4040903,6.4017644,6.8258014,498.7219543457031,1.9364341497421265,60.92182540893555
-1.4053402,6.020229,7.184001,498.7219543457031,1.9364341497421265,60.92182540893555
-1.4040903,6.4017644,6.8258014,497.85028076171875,2.0122692584991455,62.27936553955078
-2.1208804,6.562859,6.2424436,514.170166015625,2.253603935241699,64.63780975341797
-1.6128657,6.633966,6.380593,514.170166015625,2.253603935241699,64.63780975341797
-2.9723344,5.744698,6.5204544,504.9579772949219,2.052354097366333,60.87851333618164
-2.7566946,5.503054,6.825094,504.9579772949219,2.052354097366333,60.87851333618164
-2.9723344,5.744698,6.5204544,507.0825500488281,1.7380445003509521,55.36305618286133
-3.73576,5.2653966,6.5532217,515.5007934570312,2.491136312484741,58.85936737060547
-3.2131553,6.5171585,5.628677,514.5662231445312,2.44802188873291,55.2963752746582
0.5229731,2.352941,9.068854,516.5999755859375,2.1786115169525146,51.027915954589844
0.2933712,2.5343726,9.022208,516.5999755859375,2.1786115169525146,51.027915954589844
-0.4699212,5.262923,7.7877226,527.1666870117188,2.1532235145568848,56.3609619140625
-3.7787795,8.10895,3.627131,527.1666870117188,2.1532235145568848,56.3609619140625
-0.4699212,5.262923,7.7877226,526.6489868164062,2.2993624210357666,58.732303619384766
-3.934235,8.443876,3.0791185,511.5224914550781,2.081050395965576,53.15858840942383
-1.0186244,4.903943,8.329231,520.9083862304688,2.197974920272827,55.44938659667969
-0.7470069,4.842886,8.345667,520.9083862304688,2.197974920272827,55.44938659667969
-1.0186244,4.903943,8.329231,530.0520629882812,2.6485888957977295,57.348018646240234
-0.20275316,3.882476,8.861076,527.3377685546875,2.3604178428649902,57.11542892456055
-4.134867,7.2294755,4.8642764,510.26123046875,2.1024246215820312,53.270565032958984
-3.7598064,7.229124,5.365027,510.26123046875,2.1024246215820312,53.270565032958984
-4.134867,7.2294755,4.8642764,516.3463134765625,2.2258195877075195,56.52613830566406
-4.1309876,7.2422357,5.1891522,516.1311645507812,2.052157163619995,53.19746017456055
-4.7526703,7.028556,5.2927046,506.73016357421875,2.25156307220459,51.568267822265625
-4.867002,7.1257553,5.1258454,506.73016357421875,2.25156307220459,51.568267822265625
-6.1559305,7.446514,2.979775,502.5348205566406,2.408541202545166,53.22943115234375
-6.0337076,7.274033,3.6878738,502.5348205566406,2.408541202545166,53.22943115234375
-6.1559305,7.446514,2.979775,510.6333923339844,2.287837505340576,51.26373291015625
-6.2320275,7.472561,2.6935527,515.3515014648438,2.2523791790008545,51.91728210449219
-6.3098316,7.5989504,2.3310797,524.4652099609375,1.351861834526062,40.85108947753906
-6.402324,7.6180515,2.158588,524.4652099609375,1.351861834526062,40.85108947753906
-6.3098316,7.5989504,2.3310797,516.2249145507812,1.7787035703659058,49.161197662353516
-6.2766643,7.622942,1.995054,515.6754150390625,1.7047133445739746,47.77888107299805
-6.127318,7.183141,3.4822361,501.1427001953125,1.693249225616455,48.600093841552734
-6.178836,7.411952,2.8709798,501.1427001953125,1.693249225616455,48.600093841552734
-6.127318,7.183141,3.4822361,511.1689758300781,1.8772836923599243,56.40419387817383
-6.248364,7.4105735,2.8581414,539.373291015625,2.9112846851348877,70.33543395996094
-6.701739,7.153501,1.7770395,488.8923645019531,1.9798367023468018,47.980995178222656
-6.5985713,7.161442,2.0130675,488.8923645019531,1.9798367023468018,47.980995178222656
-6.701739,7.153501,1.7770395,491.4039306640625,1.9421650171279907,47.59902572631836
-5.146187,7.342855,4.232402,483.69775390625,1.6341784000396729,45.60866165161133
-5.23622,7.1548553,4.5383635,483.69775390625,1.6341784000396729,45.60866165161133
-5.146187,7.342855,4.232402,493.2895202636719,1.8362324237823486,50.17168045043945
-4.577379,6.8640475,5.767256,485.76361083984375,2.1604058742523193,51.43149185180664
-4.525911,6.833081,5.8911734,485.76361083984375,2.1604058742523193,51.43149185180664
-4.577379,6.8640475,5.767256,489.1020202636719,2.1401424407958984,52.49713897705078
-5.41065,7.113964,4.773826,481.18011474609375,2.2519965171813965,48.1016731262207
-5.461301,7.134458,4.6574283,481.18011474609375,2.2519965171813965,48.1016731262207
-5.41065,7.113964,4.773826,485.53363037109375,2.3528225421905518,55.134498596191406
-5.198804,7.4991856,4.395913,490.0965881347656,1.8286863565444946,44.04166030883789
-5.5318856,7.5491524,3.9945545,471.1950378417969,1.5809226036071777,52.51484680175781
-5.779134,7.4374228,3.8883932,471.1950378417969,1.5809226036071777,52.51484680175781
-5.5318856,7.5491524,3.9945545,475.1549377441406,2.181864023208618,57.96528244018555
-5.838795,7.4254684,3.6486275,487.46173095703125,1.7347053289413452,47.15245819091797
-5.7239246,7.515367,3.6501842,493.3144226074219,1.469980239868164,45.412078857421875
-5.6182084,7.7200403,3.6281097,493.3144226074219,1.469980239868164,45.412078857421875
-5.7239246,7.515367,3.6501842,514.1591796875,3.3170435428619385,68.62853240966797
-5.813512,7.745635,3.2159173,455.99945068359375,2.181086540222168,47.220848083496094
-5.7160296,7.792015,3.2779326,455.99945068359375,2.181086540222168,47.220848083496094
-5.813512,7.745635,3.2159173,446.915283203125,2.061920642852783,41.11152648925781
-5.6693916,7.6627645,3.4851134,450.8722839355469,1.7835030555725098,37.62004089355469
-5.8436747,7.9482903,2.8172174,473.7727966308594,2.0244386196136475,42.265499114990234
-5.7363396,7.9766755,2.967525,473.7727966308594,2.0244386196136475,42.265499114990234
-6.17867,7.810252,2.1828613,468.19329833984375,2.072498083114624,40.057289123535156
-6.3000994,7.90459,1.6443245,463.5823059082031,1.1910415887832642,30.010215759277344
-5.807349,7.9668694,2.5518978,463.5823059082031,1.1910415887832642,30.010215759277344
-6.127173,8.03123,1.5659536,466.84210205078125,1.7635037899017334,34.6853141784668
-6.3000994,7.90459,1.6443245,466.84210205078125,1.7635037899017334,34.6853141784668
-6.127173,8.03123,1.5659536,486.63189697265625,2.544708490371704,48.37241744995117
-6.5392265,7.6407695,1.5297368,461.6062316894531,1.7495026588439941,41.41073226928711
-6.5511575,7.695561,1.5383923,461.6062316894531,1.7495026588439941,41.41073226928711
-6.5392265,7.6407695,1.5297368,448.59979248046875,1.7182813882827759,40.68074417114258
-6.118073,8.060386,1.3630086,447.69732666015625,1.4909701347351074,34.18000793457031
-5.6344013,8.270875,1.7981648,447.69732666015625,1.4909701347351074,34.18000793457031
-6.118073,8.060386,1.3630086,454.780517578125,1.6471362113952637,39.50313186645508
-6.7274165,7.742106,0.13238922,471.83917236328125,1.1633156538009644,29.165157318115234
-6.5142903,7.8378296,0.009915362,471.83917236328125,1.1633156538009644,29.165157318115234
-6.684397,7.649243,-0.34790298,476.2483215332031,1.6394524574279785,34.09196853637695
-6.6632338,7.691744,-0.4252813,476.2483215332031,1.6394524574279785,34.09196853637695
-6.684397,7.649243,-0.34790298,456.1208801269531,1.6666767597198486,35.47119140625
-6.6227612,7.762389,-0.23748441,479.4385986328125,3.381444215774536,57.34064483642578
-6.187934,7.7972794,-1.5007964,506.4297180175781,3.1153135299682617,49.33381271362305
-5.688918,7.882415,2.2116246,506.4297180175781,3.1153135299682617,49.33381271362305
-6.187934,7.7972794,-1.5007964,513.0394897460938,2.771918296813965,45.80868148803711
-5.097012,7.2811847,4.662573,525.1410522460938,2.6707656383514404,41.189632415771484
-5.149518,7.5824494,4.0018425,518.7522583007812,2.7114391326904297,50.51280212402344
-5.117789,7.4874516,4.270322,518.7522583007812,2.7114391326904297,50.51280212402344
-5.149518,7.5824494,4.0018425,523.7957153320312,2.8430378437042236,44.76797866821289
-5.5206885,7.493265,2.4281542,494.6220397949219,2.3793318271636963,nan
-5.6093574,7.500947,2.404023,494.6220397949219,2.3793318271636963,nan
-5.5206885,7.493265,2.4281542,521.8895874023438,1.9603285789489746,nan
-5.572645,7.4489927,2.5846088,504.5392761230469,3.37384295463562,46.00419616699219
-5.7406917,7.793843,0.58806205,454.37811279296875,1.5622471570968628,39.91274642944336
-5.908655,7.622571,0.7370353,454.37811279296875,1.5622471570968628,39.91274642944336
-5.7406917,7.793843,0.58806205,464.5372009277344,2.103158712387085,45.361080169677734
-5.6042056,7.470593,2.316515,446.6143493652344,1.7336959838867188,45.38797378540039
-5.7684126,7.660322,1.3264604,446.6143493652344,1.7336959838867188,45.38797378540039
-5.6042056,7.470593,2.316515,449.34783935546875,1.959705114364624,39.09885787963867
-5.6053348,7.900341,-0.051708613,444.2243347167969,1.708998203277588,34.98715591430664
-5.4641485,7.8275743,0.41346997,444.2243347167969,1.708998203277588,34.98715591430664
-5.6053348,7.900341,-0.051708613,449.5454406738281,1.780712366104126,36.275386810302734
-5.6066713,7.5063944,2.0835655,488.3514099121094,3.39599871635437,49.77769088745117
-5.871436,7.4766498,1.6454806,488.3514099121094,3.39599871635437,49.77769088745117
-5.6066713,7.5063944,2.0835655,484.75689697265625,3.4872279167175293,50.968475341796875
-5.8361697,7.4178853,1.6022531,450.97784423828125,2.0082805156707764,40.65944290161133
-5.8909397,7.366001,1.684895,450.97784423828125,2.0082805156707764,40.65944290161133
-5.8361697,7.4178853,1.6022531,452.9952087402344,2.368285655975342,43.20313262939453
-5.651979,7.408392,1.8366555,467.4886779785156,2.0198585987091064,34.900962829589844
-5.896433,7.53632,1.0868326,460.062744140625,1.7176759243011475,40.77206039428711
-5.9573007,7.45703,1.0198089,460.062744140625,1.7176759243011475,40.77206039428711
-5.996741,7.248276,1.9537649,457.2914123535156,1.668428659439087,36.10093307495117
-5.896433,7.53632,1.0868326,457.2914123535156,1.668428659439087,36.10093307495117
-5.996741,7.248276,1.9537649,456.7995910644531,1.675387978553772,41.5512580871582
-5.657436,7.7479267,0.42040575,456.6032409667969,2.000701904296875,41.70270919799805
-5.7678404,7.7271953,0.27072898,456.6032409667969,2.000701904296875,41.70270919799805
-5.657436,7.7479267,0.42040575,477.5318603515625,2.47750186920166,42.94773483276367
-5.7822604,7.514905,1.0199537,468.4060363769531,2.411120653152466,49.12730026245117
-5.7352915,7.5716467,1.1023437,468.4060363769531,2.411120653152466,49.12730026245117
-5.7822604,7.514905,1.0199537,511.10089111328125,3.959477663040161,56.5714111328125
-5.8039384,7.3977256,2.005532,485.7218322753906,2.0201218128204346,nan
-5.937843,7.3229737,1.8060896,485.7218322753906,2.0201218128204346,nan
-5.574597,7.839221,1.1407081,482.91400146484375,2.780712604522705,41.023887634277344
-5.4819617,7.8281007,0.99181217,482.91400146484375,2.780712604522705,41.023887634277344
-5.574597,7.839221,1.1407081,485.8207702636719,2.394258975982666,45.50436019897461
-5.5452213,7.6996326,1.0543407,559.706787109375,4.393839359283447,65.1427993774414
-5.655865,7.5932403,0.90274334,559.706787109375,4.393839359283447,65.1427993774414
-5.5452213,7.6996326,1.0543407,536.6874389648438,5.12244987487793,67.30926513671875
-5.589833,7.6982727,1.0011837,510.7780456542969,5.5959672927856445,76.63507080078125
-5.765963,7.569388,1.8151374,474.46466064453125,2.0563840866088867,38.23347854614258
-5.745514,7.6690893,1.5064884,474.46466064453125,2.0563840866088867,38.23347854614258
-5.765963,7.569388,1.8151374,465.8180236816406,2.1795923709869385,43.954254150390625
-5.693538,7.788598,0.28903955,475.2565002441406,2.7281768321990967,49.83631134033203
-5.713463,7.8620963,0.5449122,475.2565002441406,2.7281768321990967,49.83631134033203
-5.693538,7.788598,0.28903955,473.6100769042969,3.1127099990844727,50.64729690551758
-5.546482,7.708087,1.5321159,506.0888977050781,4.929865837097168,60.22024154663086
-5.4836473,7.5655212,1.9888743,506.0888977050781,4.929865837097168,60.22024154663086
-5.546482,7.708087,1.5321159,510.42425537109375,4.9563517570495605,63.50885772705078
-5.251665,7.8171163,1.982835,504.83245849609375,4.9813008308410645,60.8405876159668
-5.3717656,7.693315,2.2167764,504.83245849609375,4.9813008308410645,60.8405876159668
-5.251665,7.8171163,1.982835,503.67083740234375,4.974193096160889,63.13784408569336
-5.3724275,7.8150706,1.7774165,506.6921081542969,4.8719096183776855,58.691558837890625
-5.5017176,7.6256213,1.9137871,507.920166015625,3.0005617141723633,47.87874221801758
-5.816129,7.498769,1.4077811,507.920166015625,3.0005617141723633,47.87874221801758
-5.5017176,7.6256213,1.9137871,480.2442626953125,2.7545347213745117,49.90692138671875
-5.7220902,7.4628367,1.5985074,515.3045654296875,4.690645217895508,61.24382781982422
-5.9990597,7.3233776,1.3826587,475.2757873535156,2.1748597621917725,48.56897735595703
-5.7160683,7.4144588,2.10215,475.2757873535156,2.1748597621917725,48.56897735595703
-5.9990597,7.3233776,1.3826587,465.0588073730469,2.3510799407958984,55.41755676269531
-5.665304,7.369626,2.0249262,521.912841796875,5.4877543449401855,75.61447143554688
-5.820457,7.236009,1.9516833,521.912841796875,5.4877543449401855,75.61447143554688
-5.665304,7.369626,2.0249262,513.7763671875,4.338646411895752,62.47675704956055
-5.8700237,7.366978,1.7472248,511.9239807128906,4.142106056213379,60.57303237915039
-5.719853,7.3449454,1.9272811,496.8274841308594,2.215176820755005,42.640079498291016
-5.6199017,7.470556,1.9108509,496.8274841308594,2.215176820755005,42.640079498291016
-5.719853,7.3449454,1.9272811,490.42822265625,2.4840569496154785,44.638675689697266
-5.6458144,7.4028816,1.9858599,508.6694030761719,3.1232805252075195,nan
-5.2235875,7.550208,2.6341283,543.3675537109375,4.789699077606201,81.97184753417969
-5.3515472,7.4460664,2.705647,543.3675537109375,4.789699077606201,81.97184753417969
-5.2235875,7.550208,2.6341283,545.1233520507812,4.399331569671631,82.12305450439453
-4.841077,7.8367424,2.1383572,509.1595458984375,3.8478353023529053,77.8827133178711
-5.8076677,6.839716,3.0530944,509.1595458984375,3.8478353023529053,77.8827133178711
-4.841077,7.8367424,2.1383572,523.6107177734375,3.8862414360046387,nan
-5.753703,7.1144705,2.5186393,603.1846923828125,2.4612600803375244,59.143917083740234
-5.2001543,7.368996,2.913129,603.1846923828125,2.4612600803375244,59.143917083740234
-5.753703,7.1144705,2.5186393,590.728271484375,2.1875522136688232,58.07051467895508
-5.540876,7.244382,2.5082474,586.9070434570312,2.9870188236236572,60.28608703613281
-5.43671,7.4039536,2.3737931,586.9070434570312,2.9870188236236572,60.28608703613281
-5.540876,7.244382,2.5082474,587.9468994140625,2.665199041366577,57.199485778808594
-6.040709,7.0435534,0.9430675,564.1798095703125,3.0299062728881836,64.34546661376953
-5.802542,7.1708555,1.2135799,564.1798095703125,3.0299062728881836,64.34546661376953
-6.040709,7.0435534,0.9430675,579.2622680664062,2.1684138774871826,62.22720718383789
-6.007995,6.9952765,0.6008343,591.1396484375,2.697322368621826,63.90983963012695
-5.7616005,7.1410775,1.102437,591.1396484375,2.697322368621826,63.90983963012695
-6.007995,6.9952765,0.6008343,587.288330078125,3.125887155532837,67.0705795288086
-6.6727233,6.265395,-0.9214783,604.564208984375,2.6143410205841064,53.59517288208008
-6.499397,6.508102,-1.0840484,604.564208984375,2.6143410205841064,53.59517288208008
-5.970006,6.7420025,1.9727184,601.3055419921875,2.4720938205718994,53.671546936035156
-6.0876703,6.70259,1.8771969,601.3055419921875,2.4720938205718994,53.671546936035156
-5.970006,6.7420025,1.9727184,607.459228515625,2.3643338680267334,55.470211029052734
-6.012638,6.529932,2.255619,575.3788452148438,2.6631381511688232,63.766265869140625
-5.711386,6.936796,2.0080378,602.9674072265625,2.440279960632324,58.951847076416016
-5.546436,7.0986037,1.743224,602.9674072265625,2.440279960632324,58.951847076416016
-5.711386,6.936796,2.0080378,603.8665771484375,2.2600152492523193,56.85064697265625
-5.580188,7.160866,1.5646532,606.5621337890625,2.5763001441955566,55.039588928222656
-5.578391,7.105316,1.8120844,563.399658203125,2.8495585918426514,58.076480865478516
-5.528696,7.0288925,2.0542562,563.399658203125,2.8495585918426514,58.076480865478516
-5.578391,7.105316,1.8120844,554.007568359375,2.3070719242095947,53.38471603393555
-5.5223002,7.1587143,2.0179837,552.3668823242188,1.9024626016616821,41.101715087890625
-5.6204886,7.039059,1.9235039,552.3668823242188,1.9024626016616821,41.101715087890625
-5.5223002,7.1587143,2.0179837,527.42333984375,3.4074788093566895,53.49052047729492
-4.948891,7.7386427,1.5915229,534.1900024414062,3.487887382507324,57.737525939941406
-4.9057393,7.7989607,1.3127794,534.1900024414062,3.487887382507324,57.737525939941406
-4.948891,7.7386427,1.5915229,541.3203125,3.0806193351745605,53.582000732421875
-5.0636053,7.5922813,1.7636954,544.6317749023438,5.66979455947876,41.387786865234375
-5.038835,6.941499,3.489974,533.5469970703125,3.869720697402954,44.66899871826172
-4.4738493,7.033135,4.144479,533.5469970703125,3.869720697402954,44.66899871826172
-5.038835,6.941499,3.489974,530.4324951171875,3.8986024856567383,43.425132751464844
-5.1290445,7.5362196,1.4787647,528.0857543945312,3.4013519287109375,41.83830642700195
-5.429408,7.3987737,1.3468658,528.0857543945312,3.4013519287109375,41.83830642700195
-5.1290445,7.5362196,1.4787647,524.533203125,3.468742847442627,40.90062713623047
-5.0660467,7.595017,1.4809557,528.0567016601562,3.0810070037841797,36.0506591796875
-5.02257,7.5821023,1.9045514,532.4287109375,3.7450687885284424,37.63083267211914
-5.1004267,7.4626026,1.87913,532.4287109375,3.7450687885284424,37.63083267211914
-5.02257,7.5821023,1.9045514,531.5845947265625,3.6401519775390625,37.211666107177734
-4.987263,7.515318,1.8986456,516.8421020507812,3.199455976486206,37.774600982666016
-5.135266,7.4187574,2.1129425,523.0946044921875,3.477034568786621,23.41408920288086
-4.9273396,7.5865126,1.748773,521.6668701171875,4.104660511016846,24.348522186279297
-5.5496373,7.214999,1.327058,521.6970825195312,3.662820339202881,29.280471801757812
-5.4583116,7.3423376,1.2600439,521.6970825195312,3.662820339202881,29.280471801757812
-5.5496373,7.214999,1.327058,519.8713989257812,3.5665640830993652,32.98836135864258
-5.3440447,6.835204,2.7956862,510.1197204589844,3.457261562347412,41.304500579833984
-6.477582,6.4632845,-0.30247444,510.1197204589844,3.457261562347412,41.304500579833984
-5.3440447,6.835204,2.7956862,509.73358154296875,3.45068621635437,37.78567123413086
-5.8609247,6.7458797,-0.95618486,514.2587280273438,2.7105205059051514,40.233455657958984
-6.973448,5.872046,-0.44979954,509.8117370605469,2.5577280521392822,27.838794708251953
-6.6998205,6.003554,-0.6517461,492.93865966796875,2.862675666809082,35.14474105834961
-5.6356435,6.937467,-0.12869512,493.6837463378906,2.42861008644104,33.70882797241211
-5.8214555,6.848842,0.0040576356,493.6837463378906,2.42861008644104,33.70882797241211
-5.6356435,6.937467,-0.12869512,486.5256042480469,2.691842555999756,38.17219543457031
-6.406472,6.182077,0.21964096,484.4271240234375,2.9542648792266846,40.64421081542969
-6.7634478,5.833609,0.5103678,484.4271240234375,2.9542648792266846,40.64421081542969
-6.406472,6.182077,0.21964096,480.98370361328125,3.1627912521362305,40.40421676635742
-5.9452558,6.705254,0.27373728,485.6341247558594,2.5573463439941406,38.87016677856445
-6.1397533,6.5632772,0.07497508,485.6341247558594,2.5573463439941406,38.87016677856445
-5.9452558,6.705254,0.27373728,479.78717041015625,2.950719118118286,40.348854064941406
-6.1432343,6.4209237,-0.6110038,477.66888427734375,2.827890157699585,38.386783599853516
-6.045911,6.5249677,-0.2747153,477.66888427734375,2.827890157699585,38.386783599853516
-6.1432343,6.4209237,-0.6110038,479.4272155761719,2.8744957447052,38.59251022338867
-6.137634,6.479177,-0.15707192,483.20587158203125,2.9028711318969727,38.04167556762695
-5.930531,6.6216316,0.5274908,466.8497009277344,2.5492711067199707,34.3068962097168
-6.0602283,6.6029325,0.59386694,466.8497009277344,2.5492711067199707,34.3068962097168
-5.8554435,6.67238,0.61163116,465.607177734375,2.7752926349639893,36.364524841308594
-5.9155197,6.6888723,0.70626545,466.3426513671875,2.9981844425201416,34.928855895996094
-5.86376,6.751408,0.6026341,476.2808837890625,2.286907196044922,33.011680603027344
-5.714233,6.745245,1.0920435,507.8717041015625,2.3802998065948486,35.77633285522461
-5.76299,6.729215,1.0095395,507.8717041015625,2.3802998065948486,35.77633285522461
-5.714233,6.745245,1.0920435,502.6411437988281,2.318932294845581,33.58353042602539
-1.1468937,7.6392736,4.6262107,497.3277587890625,2.3778576850891113,33.66555404663086
-5.0023456,7.242589,1.4746419,497.3277587890625,2.3778576850891113,33.66555404663086
-5.5780253,6.7101445,1.6831297,497.1479187011719,2.2864155769348145,34.08352279663086
-5.449506,6.861222,1.6927762,499.2212219238281,2.1218421459198,nan
-2.28537,8.163824,2.7443516,501.8440246582031,2.2448039054870605,nan
-3.7398453,7.805688,2.273115,501.8440246582031,2.2448039054870605,nan
1.881263,8.473245,3.112655,502.7865295410156,2.292717933654785,nan
1.1714015,8.670362,3.0493689,502.7865295410156,2.292717933654785,nan
1.881263,8.473245,3.112655,494.5773620605469,2.3402931690216064,31.725473403930664
-0.53080475,8.380258,3.8418326,487.765380859375,2.8642454147338867,40.687705993652344
0.23811887,8.416475,3.8029253,487.765380859375,2.8642454147338867,40.687705993652344
-0.53080475,8.380258,3.8418326,486.9638671875,2.648474931716919,39.01721954345703
-0.006103551,8.336706,3.913787,483.37164306640625,2.9369730949401855,39.28126907348633
-2.131488,8.55922,2.5306237,507.7638244628906,2.6759843826293945,nan
-1.7130706,8.469145,3.3929346,507.7638244628906,2.6759843826293945,nan
-2.5711935,8.202165,3.0631552,485.9897766113281,2.9366509914398193,39.682281494140625
-2.709395,7.984672,3.1871536,485.9897766113281,2.9366509914398193,39.682281494140625
-2.5711935,8.202165,3.0631552,464.634521484375,3.1500747203826904,38.66107177734375
-1.3306305,8.132752,3.9749777,450.561767578125,2.7735607624053955,33.83122634887695
-3.0590432,8.0928,2.8305655,482.85687255859375,3.6557374000549316,38.712738037109375
-4.9113564,6.7803206,3.063332,454.1808166503906,3.1961615085601807,35.9656982421875
-4.7788987,7.294655,2.5308914,454.1808166503906,3.1961615085601807,35.9656982421875
-4.9113564,6.7803206,3.063332,445.8542175292969,2.953643321990967,34.755741119384766
-5.227822,7.1243663,2.134089,450.97491455078125,3.464182138442993,34.6629524230957
-5.2592325,6.8992295,1.6802217,438.2323303222656,3.3411600589752197,35.53362274169922
-5.36783,6.679863,1.5447016,438.2323303222656,3.3411600589752197,35.53362274169922
-5.2592325,6.8992295,1.6802217,432.47857666015625,3.1535823345184326,36.182044982910156
-5.9048257,6.5746756,0.9428162,449.17730712890625,3.4518020153045654,35.28079605102539
-6.0415606,6.5502663,0.6697621,449.17730712890625,3.4518020153045654,35.28079605102539
-5.9048257,6.5746756,0.9428162,442.9667663574219,3.239461660385132,33.32298278808594
-5.9672623,6.5251827,1.1659214,425.53460693359375,2.7809081077575684,30.870407104492188
-5.7046795,6.6644473,1.369961,422.48638916015625,2.5660388469696045,29.903106689453125
-5.5550127,6.776361,1.5151383,422.48638916015625,2.5660388469696045,29.903106689453125
-5.7046795,6.6644473,1.369961,422.0469665527344,2.5373198986053467,28.959035873413086
-5.599402,6.706654,1.4878234,438.53045654296875,2.773819923400879,31.06696319580078
-5.632634,6.662202,1.6131783,438.53045654296875,2.773819923400879,31.06696319580078
-5.599402,6.706654,1.4878234,441.00933837890625,2.799206495285034,31.086502075195312
-5.5919137,6.6071386,1.6545131,442.7705078125,2.7353577613830566,30.802562713623047
-5.6754875,6.4966226,1.6273729,434.11602783203125,2.8844640254974365,32.51585388183594
-5.9198565,6.3797936,1.5417795,434.11602783203125,2.8844640254974365,32.51585388183594
-5.6754875,6.4966226,1.6273729,438.3016662597656,2.7996106147766113,32.41621780395508
-5.4838095,6.6690283,1.6051884,435.850830078125,2.750988721847534,31.580333709716797
-5.7316327,6.4444942,1.6606991,454.2312316894531,3.6072757244110107,19.077390670776367
-5.9733844,6.364391,1.4185932,454.2312316894531,3.6072757244110107,19.077390670776367
-5.7316327,6.4444942,1.6606991,452.3905334472656,3.4590916633605957,18.77286720275879
-5.8915157,6.3819404,1.4658282,448.8992614746094,3.244523048400879,22.623781204223633
-5.94241,6.3398046,1.3370141,448.8992614746094,3.244523048400879,22.623781204223633
-5.8915157,6.3819404,1.4658282,431.4033203125,3.171555757522583,18.503576278686523
-5.9380636,6.364031,1.327316,443.48004150390625,3.102044105529785,nan
-5.724544,6.4570117,1.6537129,436.6916809082031,2.887336015701294,18.114280700683594
-5.6374707,6.4717717,1.5469928,436.6916809082031,2.887336015701294,18.114280700683594
-5.724544,6.4570117,1.6537129,435.7182312011719,2.9855287075042725,20.3335018157959
-6.096984,6.2086134,1.0903198,436.75628662109375,2.6348886489868164,25.377582550048828
-6.1706023,6.1454473,1.1887991,436.75628662109375,2.6348886489868164,25.377582550048828
-6.096984,6.2086134,1.0903198,435.3420104980469,2.613039255142212,25.309560775756836
-6.0892277,6.192366,1.1371607,438.794677734375,2.682201862335205,22.318517684936523
-6.1736317,6.0759807,1.129207,440.5727844238281,2.8557209968566895,nan
-6.29039,6.0316505,1.0724282,440.5727844238281,2.8557209968566895,nan
-6.0937104,6.227596,1.1681752,441.4969787597656,2.8863940238952637,23.32891082763672
-6.1239038,6.2938256,1.1241523,441.4969787597656,2.8863940238952637,23.32891082763672
-6.0937104,6.227596,1.1681752,439.1545715332031,2.7940986156463623,22.741085052490234
-6.157028,6.2081714,1.1222397,439.7342529296875,3.028773784637451,24.849592208862305
-6.0055103,6.2521048,1.2466636,433.1514892578125,3.102010726928711,24.3646240234375
-6.246721,6.0818267,1.0246944,433.1514892578125,3.102010726928711,24.3646240234375
-6.0055103,6.2521048,1.2466636,431.7268371582031,2.89949369430542,21.90591049194336
-6.3058105,5.979672,1.1152245,424.97882080078125,3.4240217208862305,29.985443115234375
-6.0863943,6.1544204,1.1295323,428.0008850097656,3.8711659908294678,32.3548583984375
-6.072968,6.219221,1.1695355,428.0008850097656,3.8711659908294678,32.3548583984375
-6.0863943,6.1544204,1.1295323,426.5115661621094,3.86476993560791,32.2037239074707
-6.143315,6.1191797,0.9182521,425.783447265625,3.545003890991211,31.076448440551758
-6.106159,6.0261135,1.2979357,413.00335693359375,1.7794435024261475,21.401357650756836
-5.9459763,6.249408,1.1600351,413.00335693359375,1.7794435024261475,21.401357650756836
-6.106159,6.0261135,1.2979357,415.01092529296875,1.8660188913345337,21.605064392089844
-6.2059674,5.969284,1.157772,413.2996826171875,2.3964099884033203,25.04274559020996
-6.005101,6.077182,1.717982,406.82135009765625,1.8812508583068848,22.88442611694336
-6.047407,6.0475736,1.6166569,406.82135009765625,1.8812508583068848,22.88442611694336
-6.005101,6.077182,1.717982,407.8070983886719,1.9501272439956665,23.117393493652344
-6.0840163,6.0733347,1.4371761,409.6444091796875,1.886677622795105,22.71153450012207
-6.156622,6.117624,1.3222511,409.6444091796875,1.886677622795105,22.71153450012207
-6.0840163,6.0733347,1.4371761,409.4988708496094,1.8569523096084595,22.736764907836914
-6.191823,6.0665984,1.0872078,406.36956787109375,1.69685697555542,21.584070205688477
-6.0520477,6.1767683,1.2587855,391.2533264160156,2.1458590030670166,22.02690887451172
-5.758833,6.392367,1.3523552,388.5489807128906,1.9102119207382202,22.530590057373047
-5.8320007,6.354615,1.4225523,388.5489807128906,1.9102119207382202,22.530590057373047
-5.758833,6.392367,1.3523552,387.9623107910156,1.8852856159210205,21.91389274597168
-5.768096,6.396027,1.3610212,391.0847473144531,1.9902855157852173,22.644145965576172
-6.2479506,5.915661,1.4904964,377.376953125,2.4899163246154785,21.892967224121094
-6.1474676,5.9833784,1.4164984,377.376953125,2.4899163246154785,21.892967224121094
-6.2479506,5.915661,1.4904964,390.70330810546875,2.194369077682495,23.148847579956055
-6.113474,6.1281157,1.3941691,385.35980224609375,1.9873424768447876,20.66954803466797
-6.341443,5.8455267,1.4495553,386.387939453125,2.1922008991241455,19.257213592529297
-6.417304,5.6535273,1.302513,379.50054931640625,2.301494836807251,18.776575088500977
-6.5417404,5.545224,1.3139025,379.50054931640625,2.301494836807251,18.776575088500977
-5.9297123,6.197012,0.65170175,390.86334228515625,3.114835739135742,26.583356857299805
-6.1125875,5.982029,1.5255128,390.86334228515625,3.114835739135742,26.583356857299805
-5.9297123,6.197012,0.65170175,377.91156005859375,2.2911324501037598,19.584890365600586
-6.1618257,5.973733,1.2672286,375.86773681640625,2.2746598720550537,19.86193084716797
-5.931106,6.1378007,0.8695137,375.86773681640625,2.2746598720550537,19.86193084716797
-6.1618257,5.973733,1.2672286,375.59234619140625,2.14874267578125,18.63080596923828
-5.7921753,6.149301,1.3013334,375.4140930175781,2.2892227172851562,19.539993286132812
-5.7582173,6.1793194,1.0045072,375.4140930175781,2.2892227172851562,19.539993286132812
-5.7921753,6.149301,1.3013334,379.5955810546875,2.1948294639587402,19.384706497192383
-5.8522234,6.0799794,1.5616189,380.44537353515625,2.5504565238952637,23.22920799255371
-5.8397875,6.0040574,1.5645139,380.44537353515625,2.5504565238952637,23.22920799255371
-5.8522234,6.0799794,1.5616189,377.2421875,2.312103509902954,19.790542602539062
-5.8565884,5.91683,1.9185705,379.3185729980469,2.4388628005981445,20.21706771850586
-5.923157,5.9469585,1.7377162,379.3185729980469,2.4388628005981445,20.21706771850586
-5.8565884,5.91683,1.9185705,378.3717956542969,2.4778554439544678,20.564599990844727
-5.8683515,5.9163556,1.7874109,387.84686279296875,2.282177686691284,19.834285736083984
-5.784076,6.0132217,1.8149718,399.4541320800781,3.7506980895996094,29.220287322998047
-5.8778305,5.950539,1.783846,399.4541320800781,3.7506980895996094,29.220287322998047
-5.784076,6.0132217,1.8149718,399.4956359863281,3.5371811389923096,26.676517486572266
-5.8980527,5.863173,1.7939221,408.7259826660156,3.923433542251587,33.3931999206543
-5.657832,6.0692253,1.8689134,393.3491516113281,2.4071900844573975,19.10348129272461
-5.667355,6.088753,1.8327022,393.3491516113281,2.4071900844573975,19.10348129272461
-5.657832,6.0692253,1.8689134,398.20843505859375,3.4366061687469482,30.053855895996094
-5.706021,6.1667576,1.4730986,388.8186950683594,3.245636224746704,25.48179054260254
-5.7388263,6.3135276,0.94098103,400.8439025878906,3.528193712234497,29.36583709716797
-5.557629,6.380704,0.89969915,400.8439025878906,3.528193712234497,29.36583709716797
-5.7388263,6.3135276,0.94098103,395.1479187011719,3.693995952606201,28.192703247070312
-5.8140454,6.1548305,0.95707136,392.7645568847656,4.19257926940918,31.57025146484375
-5.943995,6.0772986,0.5444541,387.8621520996094,2.6319470405578613,24.623476028442383
-6.1177225,5.9796076,0.8727193,387.8621520996094,2.6319470405578613,24.623476028442383
-5.943995,6.0772986,0.5444541,388.1911315917969,2.7318873405456543,24.272886276245117
-6.0911565,5.9393263,0.8111523,376.8488464355469,4.021749973297119,24.016403198242188
-6.02744,6.074714,0.8226551,376.8488464355469,4.021749973297119,24.016403198242188
-6.0911565,5.9393263,0.8111523,382.9793701171875,3.2873430252075195,28.98783302307129
-6.071449,5.921234,1.0740747,369.54205322265625,3.3140735626220703,49.635650634765625
-6.1378803,5.933337,1.0415784,369.54205322265625,3.3140735626220703,49.635650634765625
-6.071449,5.921234,1.0740747,389.12261962890625,3.3132855892181396,31.916894912719727
-6.265048,5.932945,0.86493737,384.1222229003906,3.4974725246429443,25.912134170532227
-6.087204,6.033072,-0.10688548,389.799560546875,3.2562131881713867,27.958965301513672
-6.102163,5.9724092,0.08238694,389.799560546875,3.2562131881713867,27.958965301513672
-6.087204,6.033072,-0.10688548,393.91070556640625,3.239542007446289,25.23490333557129
-6.2993927,5.863292,0.046215065,384.04400634765625,3.026270627975464,29.644271850585938
-6.0123463,6.111932,0.40943372,384.2473449707031,3.1248393058776855,23.063310623168945
-6.1467853,5.9319034,0.5143674,384.2473449707031,3.1248393058776855,23.063310623168945
-6.0123463,6.111932,0.40943372,378.6412353515625,4.169309139251709,28.655351638793945
-6.2259693,5.9416585,0.14370953,386.7275390625,3.945864200592041,25.413898468017578
-6.0198426,6.0626497,0.4018242,386.7275390625,3.945864200592041,25.413898468017578
-6.2259693,5.9416585,0.14370953,385.3606262207031,3.6449151039123535,24.43379783630371
-5.815886,6.099048,-0.17073572,390.0561218261719,3.411951780319214,25.001487731933594
-5.755176,6.214186,-0.3834251,390.0561218261719,3.411951780319214,25.001487731933594
-5.101342,6.273204,2.4429722,388.54278564453125,3.5319225788116455,23.61870002746582
-4.7855024,6.4976892,2.2094126,388.54278564453125,3.5319225788116455,23.61870002746582
-5.101342,6.273204,2.4429722,388.8883972167969,3.6816956996917725,21.68952751159668
-5.53754,6.2026095,0.7235483,401.70648193359375,2.7460122108459473,13.343439102172852
-5.8863177,5.910467,0.2824925,401.70648193359375,2.7460122108459473,13.343439102172852
-5.53754,6.2026095,0.7235483,386.93121337890625,2.9641830921173096,23.594921112060547
-5.682464,6.112062,1.1705558,389.85546875,3.7053349018096924,22.039953231811523
-6.2506385,5.564694,0.4468498,376.68988037109375,1.7064744234085083,22.827579498291016
-6.206843,5.502513,1.1970747,376.68988037109375,1.7064744234085083,22.827579498291016
-6.2506385,5.564694,0.4468498,378.30462646484375,1.9776644706726074,26.86231231689453
-6.051571,5.468305,1.9153522,391.59600830078125,3.224684953689575,38.92087936401367
-6.728674,4.7580867,1.6458039,391.59600830078125,3.224684953689575,38.92087936401367
-6.051571,5.468305,1.9153522,388.9859924316406,2.8956024646759033,35.79883575439453
-6.0715485,5.672633,1.3637029,368.46929931640625,1.7903562784194946,25.158973693847656
-7.3702974,4.099062,0.8692745,375.8759765625,2.0721864700317383,25.598527908325195
-7.2141285,4.314389,0.6660732,375.8759765625,2.0721864700317383,25.598527908325195
-7.3702974,4.099062,0.8692745,371.23333740234375,2.0465354919433594,25.39255142211914
-7.440512,3.918822,0.70128155,372.1208801269531,2.1136624813079834,25.684051513671875
-6.20553,5.54304,-0.84610677,360.697265625,1.5369082689285278,56.49677276611328
-6.193274,5.689095,-0.27860475,360.697265625,1.5369082689285278,56.49677276611328
-6.20553,5.54304,-0.84610677,373.061279296875,1.7614339590072632,33.34657287597656
-6.2212453,5.4752917,-1.1262342,402.64813232421875,3.628385305404663,48.055572509765625
-6.341521,5.299798,-0.51327425,404.2925109863281,3.341526508331299,48.650901794433594
-6.7231445,4.8557,-0.2600355,404.2925109863281,3.341526508331299,48.650901794433594
-6.341521,5.299798,-0.51327425,409.7243347167969,3.106161117553711,nan
-6.0741305,5.5339093,-1.1876347,389.9712219238281,3.350743055343628,45.85065841674805
-6.179932,5.225272,-1.8363557,389.9712219238281,3.350743055343628,45.85065841674805
-6.0741305,5.5339093,-1.1876347,396.0916748046875,3.3139243125915527,46.769588470458984
-5.057126,5.3453064,-3.8448012,391.9905090332031,3.27447772026062,42.61034393310547
-6.1187954,5.4751005,-1.256019,386.3614196777344,3.6271767616271973,43.149314880371094
-5.9471154,5.6242566,-1.2298208,386.3614196777344,3.6271767616271973,43.149314880371094
-6.1187954,5.4751005,-1.256019,385.1761169433594,3.6148014068603516,43.1143913269043
-6.173414,5.2416496,-0.80526465,402.1935119628906,3.9354004859924316,58.89338302612305
-5.662442,5.8359957,-0.076482095,402.1935119628906,3.9354004859924316,58.89338302612305
-6.173414,5.2416496,-0.80526465,416.77716064453125,3.285987377166748,nan
-6.030538,5.468309,-0.49655914,386.1513977050781,3.1246683597564697,41.473262786865234
-5.5954685,5.9104033,-0.06846429,367.89849853515625,1.6860288381576538,28.92050552368164
-5.4745708,6.0966654,0.36934632,367.89849853515625,1.6860288381576538,28.92050552368164
-5.5954685,5.9104033,-0.06846429,356.2777099609375,1.9755432605743408,33.78690719604492
-5.8109684,5.7234273,-0.13626857,358.9237060546875,2.485269069671631,nan
-5.533707,5.9176717,1.7934521,345.6504211425781,3.080641269683838,38.014366149902344
-5.739334,5.611157,1.7797015,345.6504211425781,3.080641269683838,38.014366149902344
-5.533707,5.9176717,1.7934521,355.95611572265625,2.072132110595703,32.57787322998047
-5.70798,5.5946393,2.0979307,357.81512451171875,1.9191839694976807,34.35158157348633
-5.658457,5.7011285,2.010079,351.4468078613281,2.257124185562134,29.839874267578125
-5.6972303,5.8648105,1.2318441,350.14691162109375,2.0237791538238525,28.829345703125
-5.6375504,5.787967,1.6019049,350.14691162109375,2.0237791538238525,28.829345703125
-5.6972303,5.8648105,1.2318441,352.0185546875,2.110827684402466,29.365739822387695
-5.5248666,5.7782297,1.8614172,365.2097473144531,2.2602450847625732,26.717653274536133
-5.726292,5.7088523,1.4393227,352.7325439453125,2.4491796493530273,35.12728500366211
-5.5348215,5.8521433,1.4142978,352.7325439453125,2.4491796493530273,35.12728500366211
-5.726292,5.7088523,1.4393227,391.07342529296875,2.7171404361724854,34.36088562011719
-5.5217905,5.9349256,1.360244,384.09283447265625,3.351876974105835,32.001670837402344
-5.5786843,5.631754,2.1993716,379.2110290527344,3.3177623748779297,33.0160026550293
-5.7328377,5.6045337,1.9868629,379.2110290527344,3.3177623748779297,33.0160026550293
-5.5786843,5.631754,2.1993716,374.3546447753906,3.3184962272644043,32.100990295410156
-5.883025,5.6307235,1.4450252,374.2883605957031,3.2674179077148438,30.787569046020508
-4.6421776,6.8437085,0.021643495,373.6327209472656,3.048292398452759,30.906944274902344
-4.247715,7.1304417,0.34082904,373.6327209472656,3.048292398452759,30.906944274902344
-4.6421776,6.8437085,0.021643495,388.8673095703125,3.3542208671569824,31.808183670043945
-6.026057,5.3418713,1.5922301,359.10211181640625,2.2180776596069336,27.11762237548828
-6.307623,5.168449,1.7849503,359.10211181640625,2.2180776596069336,27.11762237548828
-6.026057,5.3418713,1.5922301,389.38201904296875,3.3385136127471924,35.67487335205078
-6.3866534,5.028485,1.6334478,372.5592041015625,2.91748046875,29.310691833496094
-6.045067,5.38069,1.7206079,348.0014953613281,1.8002593517303467,26.47675132751465
-6.3294234,5.2911606,1.0488027,348.0014953613281,1.8002593517303467,26.47675132751465
-6.045067,5.38069,1.7206079,345.8695373535156,1.9446502923965454,22.67234992980957
-6.187836,5.4239173,1.2403308,352.4983825683594,2.2371912002563477,31.952505111694336
-6.3603106,5.354147,0.89076537,390.8585510253906,3.77303409576416,32.52048873901367
-5.856765,5.7965226,0.9619364,389.52728271484375,3.6086668968200684,36.65625762939453
-5.8681755,5.8238716,1.0555613,389.52728271484375,3.6086668968200684,36.65625762939453
-5.856765,5.7965226,0.9619364,389.0081481933594,3.2317304611206055,30.780691146850586
-5.386201,6.2489886,0.9247118,356.9592590332031,1.9246195554733276,23.2553653717041
-5.9210773,5.637603,0.5691291,336.5354919433594,2.3608555793762207,29.05925178527832
-6.0904074,5.3612547,1.1440367,336.5354919433594,2.3608555793762207,29.05925178527832
-6.0275598,5.6373987,0.069785066,337.68780517578125,2.401292562484741,30.08271598815918
-5.876275,5.801546,0.07233887,337.68780517578125,2.401292562484741,30.08271598815918
-5.6557765,5.7700763,1.3427042,340.66192626953125,2.4510390758514404,28.88260269165039
-5.41512,5.978272,1.3873396,340.66192626953125,2.4510390758514404,28.88260269165039
-5.6557765,5.7700763,1.3427042,343.9430847167969,2.351736545562744,27.746448516845703
-4.8159595,6.3729053,1.2443148,343.61749267578125,2.223564624786377,25.843164443969727
-4.8345017,6.4366345,1.4327658,343.61749267578125,2.223564624786377,25.843164443969727
-4.8159595,6.3729053,1.2443148,343.597412109375,2.2904369831085205,26.512563705444336
-5.2445774,6.0468397,1.1988492,344.3253173828125,2.313971757888794,27.550643920898438
-5.4248586,5.8480434,1.5888685,344.3253173828125,2.313971757888794,27.550643920898438
-5.2445774,6.0468397,1.1988492,351.5805358886719,1.6540367603302002,23.53917694091797
-5.1778297,6.0816336,1.3267791,344.9841613769531,2.2893292903900146,27.94487762451172
-5.2058883,6.2262197,1.1085509,341.0464172363281,1.9610472917556763,26.14617156982422
-5.1973915,6.0749187,1.2638639,341.0464172363281,1.9610472917556763,26.14617156982422
-5.2058883,6.2262197,1.1085509,346.4031066894531,2.3043155670166016,29.034730911254883
-5.918842,5.609201,0.5935039,339.2104187011719,3.0920944213867188,31.68568229675293
-5.5523634,5.951889,0.64643973,339.2104187011719,3.0920944213867188,31.68568229675293
-5.918842,5.609201,0.5935039,361.88922119140625,2.8468034267425537,28.30139923095703
-6.8312163,4.345374,-0.52525854,353.8442687988281,2.5204076766967773,23.494714736938477
-6.9265285,4.1918545,-0.88703686,355.511962890625,2.979032516479492,28.197021484375
-6.2719073,5.172299,0.008882714,368.5019226074219,1.9505393505096436,22.371320724487305
-6.16021,5.3370495,0.26756227,368.5019226074219,1.9505393505096436,22.371320724487305
-6.2719073,5.172299,0.008882714,365.7394714355469,2.6789705753326416,27.192331314086914
-5.9011483,5.5880013,0.0056493203,359.2709655761719,1.8156369924545288,20.9691219329834
-5.9699845,5.511727,0.094251364,359.2709655761719,1.8156369924545288,20.9691219329834
-5.8672295,5.1115136,-0.90563655,363.1138610839844,2.6346752643585205,26.958847045898438
-6.036338,5.0229225,-0.43057653,363.1138610839844,2.6346752643585205,26.958847045898438
-5.8672295,5.1115136,-0.90563655,362.1749267578125,2.5013203620910645,26.12991714477539
-6.048022,5.0182757,-0.81748176,378.69842529296875,2.411311388015747,26.62688446044922
-5.8226485,5.0906215,-0.8151494,378.69842529296875,2.411311388015747,26.62688446044922
-5.86146,5.0025196,-1.3854175,378.64794921875,1.752881646156311,21.413148880004883
-5.7754545,5.1582966,-1.283045,378.64794921875,1.752881646156311,21.413148880004883
-6.420911,4.0549507,-1.4821478,377.3962097167969,2.63277530670166,26.645349502563477
-6.122886,4.5696063,-1.4444054,377.3962097167969,2.63277530670166,26.645349502563477
-6.420911,4.0549507,-1.4821478,368.8704528808594,2.8472981452941895,29.902976989746094
-5.3004823,5.8465567,-0.03021979,366.6226501464844,1.913022518157959,21.545194625854492
-5.5481057,5.595008,-0.31474587,366.6226501464844,1.913022518157959,21.545194625854492
-5.3004823,5.8465567,-0.03021979,366.4407043457031,2.3242998123168945,25.08089256286621
-5.6144943,5.472386,0.18826929,367.4193115234375,1.8505113124847412,21.77037811279297
-5.5826936,5.5477147,0.38933024,367.574951171875,4.22518253326416,12.017148971557617
-5.338194,5.6194873,0.05823199,358.4801940917969,4.67760705947876,12.750168800354004
-5.370534,5.602217,-0.06880913,358.4801940917969,4.67760705947876,12.750168800354004
-5.338194,5.6194873,0.05823199,359.7038269042969,4.32965612411499,11.721769332885742
-5.197809,5.7596893,0.9975127,361.7867126464844,2.608877658843994,18.05640983581543
-5.2115464,5.7957826,0.8165993,361.7867126464844,2.608877658843994,18.05640983581543
-5.197809,5.7596893,0.9975127,366.70721435546875,3.065001964569092,16.676855087280273
-5.2531056,5.7494683,0.7439623,365.7322082519531,3.2232320308685303,16.89090919494629
-4.8129816,4.2694774,-3.6671777,353.12701416015625,3.8138115406036377,17.169416427612305
-4.8888383,4.1796527,-3.7000833,353.12701416015625,3.8138115406036377,17.169416427612305
-4.8129816,4.2694774,-3.6671777,358.7809143066406,4.260425090789795,20.622379302978516
-5.746585,4.196204,-2.0517933,363.6885070800781,4.110145092010498,14.980369567871094
-5.833634,4.0831647,-2.1824179,363.6885070800781,4.110145092010498,14.980369567871094
-5.746585,4.196204,-2.0517933,364.3305969238281,4.172985553741455,15.452013969421387
-5.831528,4.141998,-1.7537243,356.5151062011719,3.807812213897705,14.500638961791992
-5.7825165,3.8972285,-2.3597004,356.5151062011719,3.807812213897705,14.500638961791992
-5.831528,4.141998,-1.7537243,357.0684509277344,3.8236429691314697,14.469326972961426
-5.4321995,5.155588,-1.7017165,359.26904296875,4.010766983032227,14.450469017028809
-5.1959615,5.207824,-1.990421,359.26904296875,4.010766983032227,14.450469017028809
-5.4321995,5.155588,-1.7017165,352.3966369628906,4.233199596405029,16.134132385253906
-5.2825046,5.244779,-1.6786706,352.586669921875,4.558643817901611,14.074064254760742
-5.1881266,5.237891,-1.870538,348.51220703125,3.9864752292633057,16.31909942626953
-5.4529986,5.0037813,-1.6810246,350.20916748046875,4.588728427886963,15.414658546447754
-4.6845217,5.694103,-0.71352816,348.2386169433594,4.792081832885742,15.2805814743042
-4.41098,5.7956877,-1.3915275,348.2386169433594,4.792081832885742,15.2805814743042
-4.6845217,5.694103,-0.71352816,348.089111328125,4.958487510681152,14.829240798950195
-5.10632,5.261694,-0.3570326,348.35162353515625,5.012784004211426,15.086148262023926
-4.9332776,5.5006733,-0.42470694,346.8118896484375,4.836842060089111,14.942310333251953
-5.043734,5.4241743,-0.61703867,349.7609558105469,4.845742225646973,14.536645889282227
-5.2862396,5.3073654,-0.73007196,349.7609558105469,4.845742225646973,14.536645889282227
-5.043734,5.4241743,-0.61703867,348.3888244628906,5.011051654815674,14.945435523986816
-5.3556247,5.659823,-1.0145018,350.1922912597656,1.0493860244750977,16.133432388305664
-5.328214,5.6724305,-0.7299485,350.1922912597656,1.0493860244750977,16.133432388305664
-5.3556247,5.659823,-1.0145018,357.1017150878906,1.5960661172866821,14.63025951385498
-5.238158,5.692745,-0.64683074,352.4735412597656,2.0477182865142822,15.24277400970459
-5.419825,5.565885,-0.8055515,352.4735412597656,2.0477182865142822,15.24277400970459
-5.238158,5.692745,-0.64683074,349.2301330566406,3.5448200702667236,23.85762596130371
-5.3819895,5.6452737,-0.8242063,349.1985778808594,3.599146604537964,20.5078125
-5.100048,5.899662,-0.66009456,357.3419494628906,1.764089822769165,21.61288070678711
-5.193311,5.77044,-0.43198568,344.29766845703125,1.5083212852478027,19.63225555419922
-4.8995247,5.926202,-0.7678104,346.1036071777344,1.3494858741760254,19.794754028320312
-5.193395,5.7864385,-0.83262306,346.1036071777344,1.3494858741760254,19.794754028320312
-4.8995247,5.926202,-0.7678104,337.6088562011719,1.2659308910369873,18.903852462768555
-5.6475806,4.802535,-0.20920153,345.8589172363281,3.065807819366455,32.99420166015625
-5.907012,4.5571456,-0.052782968,345.8589172363281,3.065807819366455,32.99420166015625
-5.6475806,4.802535,-0.20920153,336.1824645996094,2.217904567718506,27.41983413696289
-5.0160575,5.376448,1.6389445,350.2231140136719,2.805774688720703,32.871376037597656
-4.816497,5.5612197,1.5795183,350.2231140136719,2.805774688720703,32.871376037597656
-5.0160575,5.376448,1.6389445,339.01666259765625,1.8745290040969849,25.494192123413086
-5.0966187,5.3936343,1.1704695,347.7217712402344,2.8275859355926514,31.874731063842773
-5.034292,5.479494,1.1749532,347.7217712402344,2.8275859355926514,31.874731063842773
-5.0966187,5.3936343,1.1704695,346.4287109375,2.8837976455688477,31.748069763183594
-5.335051,4.8554587,2.1539288,347.5560302734375,2.81231689453125,29.90255355834961
-5.556763,4.8341074,1.049551,347.5560302734375,2.81231689453125,29.90255355834961
-5.335051,4.8554587,2.1539288,345.2702941894531,2.741868495941162,32.90312576293945
-5.315379,5.094531,1.4966658,340.6705322265625,3.086711883544922,30.5042724609375
-5.399638,4.816715,1.5199738,347.8905334472656,2.593553066253662,35.29372787475586
-5.542632,4.596535,1.8170216,347.8905334472656,2.593553066253662,35.29372787475586
-5.399638,4.816715,1.5199738,348.4047546386719,2.5982258319854736,36.07099914550781
-3.9642842,6.0250773,0.65988415,347.2930908203125,2.5508437156677246,35.211097717285156
-4.5863247,5.5380135,-0.016657326,347.2930908203125,2.5508437156677246,35.211097717285156
-3.9642842,6.0250773,0.65988415,345.6871337890625,2.643533706665039,35.2934455871582
-3.8928688,6.06947,0.5902217,343.8830871582031,2.7482120990753174,33.928470611572266
-6.582671,1.7950058,-2.9595232,349.15081787109375,2.698087692260742,34.916866302490234
-6.677774,1.5285732,-2.533034,349.15081787109375,2.698087692260742,34.916866302490234
-6.582671,1.7950058,-2.9595232,340.9205627441406,2.376453161239624,27.055997848510742
-4.758882,1.7166773,-4.768983,345.7115783691406,2.4325361251831055,30.59745979309082
-4.20958,0.8054201,-5.5104375,345.7115783691406,2.4325361251831055,30.59745979309082
-4.758882,1.7166773,-4.768983,341.2774658203125,2.2485175132751465,26.02711296081543
-4.386825,0.7425389,-5.4021626,340.4312438964844,2.1268134117126465,28.529802322387695
-4.9700756,1.018358,-4.8562484,340.4312438964844,2.1268134117126465,28.529802322387695
-4.386825,0.7425389,-5.4021626,335.863525390625,2.424292802810669,29.46744155883789
-5.228669,1.7235112,-4.408294,343.4202575683594,2.3209903240203857,33.377315521240234
-5.2620125,2.5544624,-3.935928,343.4202575683594,2.3209903240203857,33.377315521240234
-5.228669,1.7235112,-4.408294,344.1365661621094,2.4619948863983154,33.2369270324707
-5.2585707,1.4341588,-4.5009522,341.80322265625,2.7596709728240967,30.971683502197266
-4.917673,2.1725986,-4.622051,341.80322265625,2.7596709728240967,30.971683502197266
-5.2585707,1.4341588,-4.5009522,342.202880859375,2.739264726638794,31.18811798095703
-3.438633,-2.1603382,-5.4574146,336.1695861816406,0.9396762251853943,15.662294387817383
-5.4514875,1.4426979,-4.212562,336.1695861816406,0.9396762251853943,15.662294387817383
-3.438633,-2.1603382,-5.4574146,336.8171081542969,1.053328037261963,15.854783058166504
-5.625029,1.1598685,-3.976849,336.3266906738281,0.8870370388031006,16.0228271484375
-4.5420136,-2.6138906,-4.427693,345.76275634765625,2.1772611141204834,19.842039108276367
-5.388098,-1.1278949,-4.301736,345.76275634765625,2.1772611141204834,19.842039108276367
-4.5420136,-2.6138906,-4.427693,346.1849670410156,2.479058265686035,21.88901138305664
-4.8635855,-2.4195788,-4.28893,340.8753662109375,3.363068103790283,24.272104263305664
-4.730591,-2.529067,-4.4319544,340.8753662109375,3.363068103790283,24.272104263305664
-4.8635855,-2.4195788,-4.28893,341.0600280761719,2.3639888763427734,19.94172477722168
-4.5645623,-2.086762,-4.7538195,336.78759765625,1.9707342386245728,18.50212860107422
-5.9518747,-2.2705393,-2.4293077,324.4992980957031,1.6154201030731201,17.153217315673828
-5.3369956,-3.2335763,-2.7657623,324.4992980957031,1.6154201030731201,17.153217315673828
-5.9518747,-2.2705393,-2.4293077,321.09613037109375,1.7633674144744873,17.521196365356445
-2.148892,-4.7552004,-4.252646,332.35540771484375,1.1221791505813599,15.843609809875488
-1.2705995,-4.6120152,-4.945584,332.35540771484375,1.1221791505813599,15.843609809875488
-2.148892,-4.7552004,-4.252646,336.61529541015625,2.2136740684509277,23.325990676879883
-4.201747,-2.5392084,-4.7023726,330.3463134765625,1.1446553468704224,15.17231559753418
-3.9321337,-1.0389256,-5.6205516,330.3463134765625,1.1446553468704224,15.17231559753418
-4.201747,-2.5392084,-4.7023726,327.54534912109375,2.235870838165283,21.55499267578125
-5.061041,-0.72034,-4.841904,321.45147705078125,1.969979166984558,17.496845245361328
-5.1495147,-3.853801,-2.3302815,317.15899658203125,2.1734607219696045,17.276290893554688
-3.590969,1.6363609,-6.1550555,317.15899658203125,2.1734607219696045,17.276290893554688
-5.1495147,-3.853801,-2.3302815,318.0974426269531,1.8612713813781738,16.380136489868164
-3.7926486,1.8815639,-5.7069936,318.7965087890625,1.9303776025772095,17.613767623901367
-2.3302362,1.7123755,-6.839711,312.60009765625,1.9637972116470337,18.163822174072266
-2.1154888,2.2362149,-6.720923,312.60009765625,1.9637972116470337,18.163822174072266
-2.3302362,1.7123755,-6.839711,313.2257080078125,1.950919270515442,18.839698791503906
-1.2339282,2.988376,-6.611682,311.7279968261719,2.3259670734405518,18.3140869140625
-0.07529801,2.8944683,-6.748143,311.7279968261719,2.3259670734405518,18.3140869140625
-1.2339282,2.988376,-6.611682,312.38092041015625,2.492767095565796,19.339128494262695
-3.2300327,2.563555,-5.908845,311.61444091796875,2.389436960220337,19.174179077148438
-3.4915333,2.2466183,-6.0367208,311.61444091796875,2.389436960220337,19.174179077148438
-3.2300327,2.563555,-5.908845,313.47991943359375,2.538489580154419,18.756996154785156
-4.216923,0.89159393,-5.988722,311.8829345703125,2.0006816387176514,17.87796974182129
-5.3842387,1.4751709,-4.7821198,313.067626953125,2.3253581523895264,18.11171531677246
-5.177068,0.7893262,-5.113424,313.067626953125,2.3253581523895264,18.11171531677246
-5.3842387,1.4751709,-4.7821198,315.8675537109375,3.6297805309295654,24.40989875793457
-6.110721,0.354314,-3.900021,311.2010803222656,2.7974050045013428,17.403484344482422
-5.865516,-0.48193586,-4.0969315,311.2010803222656,2.7974050045013428,17.403484344482422
-6.110721,0.354314,-3.900021,311.4064636230469,2.4987664222717285,16.66228675842285
-3.2284207,6.33301,-2.4718692,308.789306640625,2.694539785385132,17.163494110107422
-3.303976,6.4240966,-0.31513974,308.789306640625,2.694539785385132,17.163494110107422
-3.2284207,6.33301,-2.4718692,307.31207275390625,2.6054909229278564,17.66514778137207
-1.8910112,7.0659986,1.0967197,307.1207275390625,2.486161231994629,16.42049789428711
-3.2239676,6.5880036,-2.4831321,306.7867431640625,1.7000666856765747,13.58443546295166
-3.408044,6.6545544,-2.043758,306.7867431640625,1.7000666856765747,13.58443546295166
-3.2239676,6.5880036,-2.4831321,301.4059143066406,2.024855852127075,16.641437530517578
-3.9994245,6.2995715,-2.4143295,304.6984558105469,2.018730878829956,15.919523239135742
-3.653358,6.49806,-2.5547416,304.6984558105469,2.018730878829956,15.919523239135742
-3.5712729,6.5854692,-2.2722826,305.0964660644531,1.8179227113723755,16.52758026123047
-4.120006,6.342132,-2.1437721,307.99835205078125,2.043142557144165,16.29584503173828
-4.5194616,6.1572556,-1.6495464,307.99835205078125,2.043142557144165,16.29584503173828
-4.120006,6.342132,-2.1437721,308.3026428222656,2.108621120452881,16.6640682220459
-4.777448,5.7793527,-2.0841932,324.9121398925781,3.6536970138549805,20.59256362915039
-3.8960476,6.3830247,-2.0020115,317.07623291015625,2.8175179958343506,13.610978126525879
-3.9530938,6.26607,-2.1671522,317.07623291015625,2.8175179958343506,13.610978126525879
-3.2709305,6.66721,-1.976222,319.1980285644531,3.5057828426361084,16.208362579345703
-3.8960476,6.3830247,-2.0020115,319.1980285644531,3.5057828426361084,16.208362579345703
-3.2709305,6.66721,-1.976222,318.78948974609375,3.5116212368011475,16.521148681640625
-4.1178775,6.210742,-2.4059434,318.8857116699219,2.8892533779144287,13.174359321594238
-4.2628207,6.0499463,-2.4481242,318.8857116699219,2.8892533779144287,13.174359321594238
-4.243771,5.6388435,-3.4080753,317.7122802734375,2.848210334777832,13.439558029174805
-4.9681573,5.2975802,-2.8051882,317.7122802734375,2.848210334777832,13.439558029174805
-4.243771,5.6388435,-3.4080753,317.0458068847656,2.798060655593872,13.451515197753906
-5.0654335,5.54328,-2.258494,317.4446716308594,2.526836633682251,13.64775562286377
-4.5846715,5.571918,-3.1778321,317.4446716308594,2.526836633682251,13.64775562286377
-4.7479253,5.214844,-3.3202336,322.58416748046875,3.7255606651306152,18.262657165527344
-5.145879,4.9109354,-3.0086935,327.5723876953125,3.699401617050171,18.246952056884766
-4.710154,5.209977,-2.707311,313.6173400878906,2.7473959922790527,13.611946105957031
-4.841311,5.3058743,-2.6308072,313.6173400878906,2.7473959922790527,13.611946105957031
-4.710154,5.209977,-2.707311,316.7872619628906,3.3328776359558105,16.700592041015625
-5.080883,5.272251,-2.4173927,314.0005798339844,2.5501933097839355,13.71057415008545
-3.3371994,6.639839,-1.9146878,313.52752685546875,2.9986963272094727,14.953950881958008
-3.4534845,6.8829727,0.028582811,313.52752685546875,2.9986963272094727,14.953950881958008
-3.3371994,6.639839,-1.9146878,316.246826171875,2.6260433197021484,13.695866584777832
-1.2779447,6.7221384,-3.351095,357.42730712890625,3.87322735786438,17.31219482421875
-2.3743591,6.4041624,-3.1863205,357.42730712890625,3.87322735786438,17.31219482421875
-1.2779447,6.7221384,-3.351095,327.9154968261719,4.276921272277832,20.08388328552246
-3.504645,5.204988,-4.288778,328.6549072265625,4.090792655944824,20.527515411376953
-3.0072172,6.6596766,-2.6542046,328.6549072265625,4.090792655944824,20.527515411376953
-3.504645,5.204988,-4.288778,328.8947448730469,4.2016215324401855,19.363515853881836
-3.2109513,6.7075562,-2.1129668,324.2310485839844,4.091233253479004,18.060182571411133
-1.9937185,6.7265334,-2.8865056,323.62884521484375,4.258349418640137,18.295150756835938
-2.1223428,6.474352,-3.0699074,323.62884521484375,4.258349418640137,18.295150756835938
-1.9937185,6.7265334,-2.8865056,323.5779113769531,4.301168441772461,17.635555267333984
-3.414185,6.5803876,-1.8888817,324.8416442871094,4.421395301818848,16.671653747558594
-4.076971,5.965005,-2.1443563,324.8416442871094,4.421395301818848,16.671653747558594
-4.6363726,5.529012,-1.7263911,324.6247863769531,4.125304698944092,18.8388671875
-5.318952,4.5984035,-2.3410199,324.6247863769531,4.125304698944092,18.8388671875
-4.6363726,5.529012,-1.7263911,322.7771301269531,4.365151882171631,16.711898803710938
-5.35886,4.7526183,-2.1261575,316.5550231933594,4.220715522766113,16.926279067993164
-5.6058645,4.361916,-2.1924067,313.5814208984375,4.377963066101074,16.281320571899414
